order_id,customer_id,order_date,channel,revenue,quantity,region
O00001,C0001,2025-06-01,Organic Search,83.25,1,West
O00002,C0018,2025-06-01,Organic Search,269.18,3,Northeast
O00003,C0035,2025-06-01,Organic Search,192.40,2,South
O00004,C0065,2025-06-01,Paid Search,97.20,1,West
O00005,C0082,2025-06-01,Paid Search,314.28,3,Northeast
O00006,C0099,2025-06-01,Paid Search,224.64,2,South
O00007,C0129,2025-06-01,Direct,75.60,1,West
O00008,C0146,2025-06-01,Direct,244.44,3,Northeast
O00009,C0176,2025-06-01,Referral,308.88,3,Midwest
O00010,C0206,2025-06-01,Email,104.40,1,Northeast
O00011,C0236,2025-06-01,Organic Social,147.44,2,Midwest
O00012,C0253,2025-06-01,Organic Social,79.04,1,West
O00013,C0205,2025-06-02,Organic Search,83.25,1,West
O00014,C0222,2025-06-02,Organic Search,269.18,3,Northeast
O00015,C0239,2025-06-02,Organic Search,192.40,2,South
O00016,C0269,2025-06-02,Paid Search,97.20,1,West
O00017,C0286,2025-06-02,Paid Search,314.28,3,Northeast
O00018,C0303,2025-06-02,Paid Search,224.64,2,South
O00019,C0013,2025-06-02,Direct,75.60,1,West
O00020,C0030,2025-06-02,Direct,244.44,3,Northeast
O00021,C0060,2025-06-02,Referral,308.88,3,Midwest
O00022,C0090,2025-06-02,Email,104.40,1,Northeast
O00023,C0120,2025-06-02,Organic Social,147.44,2,Midwest
O00024,C0137,2025-06-02,Organic Social,79.04,1,West
O00025,C0089,2025-06-03,Organic Search,83.25,1,West
O00026,C0106,2025-06-03,Organic Search,269.18,3,Northeast
O00027,C0123,2025-06-03,Organic Search,192.40,2,South
O00028,C0153,2025-06-03,Paid Search,97.20,1,West
O00029,C0170,2025-06-03,Paid Search,314.28,3,Northeast
O00030,C0187,2025-06-03,Paid Search,224.64,2,South
O00031,C0217,2025-06-03,Direct,75.60,1,West
O00032,C0234,2025-06-03,Direct,244.44,3,Northeast
O00033,C0264,2025-06-03,Referral,308.88,3,Midwest
O00034,C0294,2025-06-03,Email,104.40,1,Northeast
O00035,C0004,2025-06-03,Organic Social,147.44,2,Midwest
O00036,C0021,2025-06-03,Organic Social,79.04,1,West
O00037,C0293,2025-06-04,Organic Search,83.25,1,West
O00038,C0310,2025-06-04,Organic Search,269.18,3,Northeast
O00039,C0007,2025-06-04,Organic Search,192.40,2,South
O00040,C0037,2025-06-04,Paid Search,97.20,1,West
O00041,C0054,2025-06-04,Paid Search,314.28,3,Northeast
O00042,C0071,2025-06-04,Paid Search,224.64,2,South
O00043,C0101,2025-06-04,Direct,75.60,1,West
O00044,C0118,2025-06-04,Direct,244.44,3,Northeast
O00045,C0148,2025-06-04,Referral,308.88,3,Midwest
O00046,C0178,2025-06-04,Email,104.40,1,Northeast
O00047,C0208,2025-06-04,Organic Social,147.44,2,Midwest
O00048,C0225,2025-06-04,Organic Social,79.04,1,West
O00049,C0177,2025-06-05,Organic Search,83.25,1,West
O00050,C0194,2025-06-05,Organic Search,269.18,3,Northeast
O00051,C0211,2025-06-05,Organic Search,192.40,2,South
O00052,C0241,2025-06-05,Paid Search,97.20,1,West
O00053,C0258,2025-06-05,Paid Search,314.28,3,Northeast
O00054,C0275,2025-06-05,Paid Search,224.64,2,South
O00055,C0305,2025-06-05,Direct,75.60,1,West
O00056,C0002,2025-06-05,Direct,244.44,3,Northeast
O00057,C0032,2025-06-05,Referral,308.88,3,Midwest
O00058,C0062,2025-06-05,Email,104.40,1,Northeast
O00059,C0092,2025-06-05,Organic Social,147.44,2,Midwest
O00060,C0109,2025-06-05,Organic Social,79.04,1,West
O00061,C0061,2025-06-06,Organic Search,83.25,1,West
O00062,C0078,2025-06-06,Organic Search,269.18,3,Northeast
O00063,C0095,2025-06-06,Organic Search,192.40,2,South
O00064,C0125,2025-06-06,Paid Search,97.20,1,West
O00065,C0142,2025-06-06,Paid Search,314.28,3,Northeast
O00066,C0159,2025-06-06,Paid Search,224.64,2,South
O00067,C0189,2025-06-06,Direct,75.60,1,West
O00068,C0206,2025-06-06,Direct,244.44,3,Northeast
O00069,C0236,2025-06-06,Referral,308.88,3,Midwest
O00070,C0266,2025-06-06,Email,104.40,1,Northeast
O00071,C0296,2025-06-06,Organic Social,147.44,2,Midwest
O00072,C0313,2025-06-06,Organic Social,79.04,1,West
O00073,C0265,2025-06-07,Organic Search,83.25,1,West
O00074,C0282,2025-06-07,Organic Search,269.18,3,Northeast
O00075,C0299,2025-06-07,Organic Search,192.40,2,South
O00076,C0009,2025-06-07,Paid Search,97.20,1,West
O00077,C0026,2025-06-07,Paid Search,314.28,3,Northeast
O00078,C0043,2025-06-07,Paid Search,224.64,2,South
O00079,C0073,2025-06-07,Direct,75.60,1,West
O00080,C0090,2025-06-07,Direct,244.44,3,Northeast
O00081,C0120,2025-06-07,Referral,308.88,3,Midwest
O00082,C0150,2025-06-07,Email,104.40,1,Northeast
O00083,C0180,2025-06-07,Organic Social,147.44,2,Midwest
O00084,C0197,2025-06-07,Organic Social,79.04,1,West
O00085,C0149,2025-06-08,Organic Search,83.25,1,West
O00086,C0166,2025-06-08,Organic Search,269.18,3,Northeast
O00087,C0183,2025-06-08,Organic Search,192.40,2,South
O00088,C0213,2025-06-08,Paid Search,97.20,1,West
O00089,C0230,2025-06-08,Paid Search,314.28,3,Northeast
O00090,C0247,2025-06-08,Paid Search,224.64,2,South
O00091,C0277,2025-06-08,Direct,75.60,1,West
O00092,C0294,2025-06-08,Direct,244.44,3,Northeast
O00093,C0004,2025-06-08,Referral,308.88,3,Midwest
O00094,C0034,2025-06-08,Email,104.40,1,Northeast
O00095,C0064,2025-06-08,Organic Social,147.44,2,Midwest
O00096,C0081,2025-06-08,Organic Social,79.04,1,West
O00097,C0033,2025-06-09,Organic Search,83.25,1,West
O00098,C0050,2025-06-09,Organic Search,269.18,3,Northeast
O00099,C0067,2025-06-09,Organic Search,192.40,2,South
O00100,C0097,2025-06-09,Paid Search,97.20,1,West
O00101,C0114,2025-06-09,Paid Search,314.28,3,Northeast
O00102,C0131,2025-06-09,Paid Search,224.64,2,South
O00103,C0161,2025-06-09,Direct,75.60,1,West
O00104,C0178,2025-06-09,Direct,244.44,3,Northeast
O00105,C0208,2025-06-09,Referral,308.88,3,Midwest
O00106,C0238,2025-06-09,Email,104.40,1,Northeast
O00107,C0268,2025-06-09,Organic Social,147.44,2,Midwest
O00108,C0285,2025-06-09,Organic Social,79.04,1,West
O00109,C0237,2025-06-10,Organic Search,83.25,1,West
O00110,C0254,2025-06-10,Organic Search,269.18,3,Northeast
O00111,C0271,2025-06-10,Organic Search,192.40,2,South
O00112,C0301,2025-06-10,Paid Search,97.20,1,West
O00113,C0318,2025-06-10,Paid Search,314.28,3,Northeast
O00114,C0015,2025-06-10,Paid Search,224.64,2,South
O00115,C0045,2025-06-10,Direct,75.60,1,West
O00116,C0062,2025-06-10,Direct,244.44,3,Northeast
O00117,C0092,2025-06-10,Referral,308.88,3,Midwest
O00118,C0122,2025-06-10,Email,104.40,1,Northeast
O00119,C0152,2025-06-10,Organic Social,147.44,2,Midwest
O00120,C0169,2025-06-10,Organic Social,79.04,1,West
O00121,C0121,2025-06-11,Organic Search,83.25,1,West
O00122,C0138,2025-06-11,Organic Search,269.18,3,Northeast
O00123,C0155,2025-06-11,Organic Search,192.40,2,South
O00124,C0185,2025-06-11,Paid Search,97.20,1,West
O00125,C0202,2025-06-11,Paid Search,314.28,3,Northeast
O00126,C0219,2025-06-11,Paid Search,224.64,2,South
O00127,C0249,2025-06-11,Direct,75.60,1,West
O00128,C0266,2025-06-11,Direct,244.44,3,Northeast
O00129,C0296,2025-06-11,Referral,308.88,3,Midwest
O00130,C0006,2025-06-11,Email,104.40,1,Northeast
O00131,C0036,2025-06-11,Organic Social,147.44,2,Midwest
O00132,C0053,2025-06-11,Organic Social,79.04,1,West
O00133,C0005,2025-06-12,Organic Search,83.25,1,West
O00134,C0022,2025-06-12,Organic Search,269.18,3,Northeast
O00135,C0039,2025-06-12,Organic Search,192.40,2,South
O00136,C0069,2025-06-12,Paid Search,97.20,1,West
O00137,C0086,2025-06-12,Paid Search,314.28,3,Northeast
O00138,C0103,2025-06-12,Paid Search,224.64,2,South
O00139,C0133,2025-06-12,Direct,75.60,1,West
O00140,C0150,2025-06-12,Direct,244.44,3,Northeast
O00141,C0180,2025-06-12,Referral,308.88,3,Midwest
O00142,C0210,2025-06-12,Email,104.40,1,Northeast
O00143,C0240,2025-06-12,Organic Social,147.44,2,Midwest
O00144,C0257,2025-06-12,Organic Social,79.04,1,West
O00145,C0209,2025-06-13,Organic Search,83.25,1,West
O00146,C0226,2025-06-13,Organic Search,269.18,3,Northeast
O00147,C0243,2025-06-13,Organic Search,192.40,2,South
O00148,C0273,2025-06-13,Paid Search,97.20,1,West
O00149,C0290,2025-06-13,Paid Search,314.28,3,Northeast
O00150,C0307,2025-06-13,Paid Search,224.64,2,South
O00151,C0017,2025-06-13,Direct,75.60,1,West
O00152,C0034,2025-06-13,Direct,244.44,3,Northeast
O00153,C0064,2025-06-13,Referral,308.88,3,Midwest
O00154,C0094,2025-06-13,Email,104.40,1,Northeast
O00155,C0124,2025-06-13,Organic Social,147.44,2,Midwest
O00156,C0141,2025-06-13,Organic Social,79.04,1,West
O00157,C0093,2025-06-14,Organic Search,83.25,1,West
O00158,C0110,2025-06-14,Organic Search,269.18,3,Northeast
O00159,C0127,2025-06-14,Organic Search,192.40,2,South
O00160,C0157,2025-06-14,Paid Search,97.20,1,West
O00161,C0174,2025-06-14,Paid Search,314.28,3,Northeast
O00162,C0191,2025-06-14,Paid Search,224.64,2,South
O00163,C0221,2025-06-14,Direct,75.60,1,West
O00164,C0238,2025-06-14,Direct,244.44,3,Northeast
O00165,C0268,2025-06-14,Referral,308.88,3,Midwest
O00166,C0298,2025-06-14,Email,104.40,1,Northeast
O00167,C0008,2025-06-14,Organic Social,147.44,2,Midwest
O00168,C0025,2025-06-14,Organic Social,79.04,1,West
O00169,C0297,2025-06-15,Organic Search,83.25,1,West
O00170,C0314,2025-06-15,Organic Search,269.18,3,Northeast
O00171,C0011,2025-06-15,Organic Search,192.40,2,South
O00172,C0041,2025-06-15,Paid Search,97.20,1,West
O00173,C0058,2025-06-15,Paid Search,314.28,3,Northeast
O00174,C0075,2025-06-15,Paid Search,224.64,2,South
O00175,C0105,2025-06-15,Direct,75.60,1,West
O00176,C0122,2025-06-15,Direct,244.44,3,Northeast
O00177,C0152,2025-06-15,Referral,308.88,3,Midwest
O00178,C0182,2025-06-15,Email,104.40,1,Northeast
O00179,C0212,2025-06-15,Organic Social,147.44,2,Midwest
O00180,C0229,2025-06-15,Organic Social,79.04,1,West
O00181,C0181,2025-06-16,Organic Search,83.25,1,West
O00182,C0198,2025-06-16,Organic Search,269.18,3,Northeast
O00183,C0215,2025-06-16,Organic Search,192.40,2,South
O00184,C0245,2025-06-16,Paid Search,97.20,1,West
O00185,C0262,2025-06-16,Paid Search,314.28,3,Northeast
O00186,C0279,2025-06-16,Paid Search,224.64,2,South
O00187,C0309,2025-06-16,Direct,75.60,1,West
O00188,C0006,2025-06-16,Direct,244.44,3,Northeast
O00189,C0036,2025-06-16,Referral,308.88,3,Midwest
O00190,C0066,2025-06-16,Email,104.40,1,Northeast
O00191,C0096,2025-06-16,Organic Social,147.44,2,Midwest
O00192,C0113,2025-06-16,Organic Social,79.04,1,West
O00193,C0065,2025-06-17,Organic Search,83.25,1,West
O00194,C0082,2025-06-17,Organic Search,269.18,3,Northeast
O00195,C0099,2025-06-17,Organic Search,192.40,2,South
O00196,C0129,2025-06-17,Paid Search,97.20,1,West
O00197,C0146,2025-06-17,Paid Search,314.28,3,Northeast
O00198,C0163,2025-06-17,Paid Search,224.64,2,South
O00199,C0193,2025-06-17,Direct,75.60,1,West
O00200,C0210,2025-06-17,Direct,244.44,3,Northeast
O00201,C0240,2025-06-17,Referral,308.88,3,Midwest
O00202,C0270,2025-06-17,Email,104.40,1,Northeast
O00203,C0300,2025-06-17,Organic Social,147.44,2,Midwest
O00204,C0317,2025-06-17,Organic Social,79.04,1,West
O00205,C0269,2025-06-18,Organic Search,83.25,1,West
O00206,C0286,2025-06-18,Organic Search,269.18,3,Northeast
O00207,C0303,2025-06-18,Organic Search,192.40,2,South
O00208,C0013,2025-06-18,Paid Search,97.20,1,West
O00209,C0030,2025-06-18,Paid Search,314.28,3,Northeast
O00210,C0047,2025-06-18,Paid Search,224.64,2,South
O00211,C0077,2025-06-18,Direct,75.60,1,West
O00212,C0094,2025-06-18,Direct,244.44,3,Northeast
O00213,C0124,2025-06-18,Referral,308.88,3,Midwest
O00214,C0154,2025-06-18,Email,104.40,1,Northeast
O00215,C0184,2025-06-18,Organic Social,147.44,2,Midwest
O00216,C0201,2025-06-18,Organic Social,79.04,1,West
O00217,C0153,2025-06-19,Organic Search,83.25,1,West
O00218,C0170,2025-06-19,Organic Search,269.18,3,Northeast
O00219,C0187,2025-06-19,Organic Search,192.40,2,South
O00220,C0217,2025-06-19,Paid Search,97.20,1,West
O00221,C0234,2025-06-19,Paid Search,314.28,3,Northeast
O00222,C0251,2025-06-19,Paid Search,224.64,2,South
O00223,C0281,2025-06-19,Direct,75.60,1,West
O00224,C0298,2025-06-19,Direct,244.44,3,Northeast
O00225,C0008,2025-06-19,Referral,308.88,3,Midwest
O00226,C0038,2025-06-19,Email,104.40,1,Northeast
O00227,C0068,2025-06-19,Organic Social,147.44,2,Midwest
O00228,C0085,2025-06-19,Organic Social,79.04,1,West
O00229,C0037,2025-06-20,Organic Search,83.25,1,West
O00230,C0054,2025-06-20,Organic Search,269.18,3,Northeast
O00231,C0071,2025-06-20,Organic Search,192.40,2,South
O00232,C0101,2025-06-20,Paid Search,97.20,1,West
O00233,C0118,2025-06-20,Paid Search,314.28,3,Northeast
O00234,C0135,2025-06-20,Paid Search,224.64,2,South
O00235,C0165,2025-06-20,Direct,75.60,1,West
O00236,C0182,2025-06-20,Direct,244.44,3,Northeast
O00237,C0212,2025-06-20,Referral,308.88,3,Midwest
O00238,C0242,2025-06-20,Email,104.40,1,Northeast
O00239,C0272,2025-06-20,Organic Social,147.44,2,Midwest
O00240,C0289,2025-06-20,Organic Social,79.04,1,West
O00241,C0241,2025-06-21,Organic Search,83.25,1,West
O00242,C0258,2025-06-21,Organic Search,269.18,3,Northeast
O00243,C0275,2025-06-21,Organic Search,192.40,2,South
O00244,C0305,2025-06-21,Paid Search,97.20,1,West
O00245,C0002,2025-06-21,Paid Search,314.28,3,Northeast
O00246,C0019,2025-06-21,Paid Search,224.64,2,South
O00247,C0049,2025-06-21,Direct,75.60,1,West
O00248,C0066,2025-06-21,Direct,244.44,3,Northeast
O00249,C0096,2025-06-21,Referral,308.88,3,Midwest
O00250,C0126,2025-06-21,Email,104.40,1,Northeast
O00251,C0156,2025-06-21,Organic Social,147.44,2,Midwest
O00252,C0173,2025-06-21,Organic Social,79.04,1,West
O00253,C0125,2025-06-22,Organic Search,83.25,1,West
O00254,C0142,2025-06-22,Organic Search,269.18,3,Northeast
O00255,C0159,2025-06-22,Organic Search,192.40,2,South
O00256,C0189,2025-06-22,Paid Search,97.20,1,West
O00257,C0206,2025-06-22,Paid Search,314.28,3,Northeast
O00258,C0223,2025-06-22,Paid Search,224.64,2,South
O00259,C0253,2025-06-22,Direct,75.60,1,West
O00260,C0270,2025-06-22,Direct,244.44,3,Northeast
O00261,C0300,2025-06-22,Referral,308.88,3,Midwest
O00262,C0010,2025-06-22,Email,104.40,1,Northeast
O00263,C0040,2025-06-22,Organic Social,147.44,2,Midwest
O00264,C0057,2025-06-22,Organic Social,79.04,1,West
O00265,C0009,2025-06-23,Organic Search,83.25,1,West
O00266,C0026,2025-06-23,Organic Search,269.18,3,Northeast
O00267,C0043,2025-06-23,Organic Search,192.40,2,South
O00268,C0073,2025-06-23,Paid Search,97.20,1,West
O00269,C0090,2025-06-23,Paid Search,314.28,3,Northeast
O00270,C0107,2025-06-23,Paid Search,224.64,2,South
O00271,C0137,2025-06-23,Direct,75.60,1,West
O00272,C0154,2025-06-23,Direct,244.44,3,Northeast
O00273,C0184,2025-06-23,Referral,308.88,3,Midwest
O00274,C0214,2025-06-23,Email,104.40,1,Northeast
O00275,C0244,2025-06-23,Organic Social,147.44,2,Midwest
O00276,C0261,2025-06-23,Organic Social,79.04,1,West
O00277,C0213,2025-06-24,Organic Search,83.25,1,West
O00278,C0230,2025-06-24,Organic Search,269.18,3,Northeast
O00279,C0247,2025-06-24,Organic Search,192.40,2,South
O00280,C0277,2025-06-24,Paid Search,97.20,1,West
O00281,C0294,2025-06-24,Paid Search,314.28,3,Northeast
O00282,C0311,2025-06-24,Paid Search,224.64,2,South
O00283,C0021,2025-06-24,Direct,75.60,1,West
O00284,C0038,2025-06-24,Direct,244.44,3,Northeast
O00285,C0068,2025-06-24,Referral,308.88,3,Midwest
O00286,C0098,2025-06-24,Email,104.40,1,Northeast
O00287,C0128,2025-06-24,Organic Social,147.44,2,Midwest
O00288,C0145,2025-06-24,Organic Social,79.04,1,West
O00289,C0097,2025-06-25,Organic Search,83.25,1,West
O00290,C0114,2025-06-25,Organic Search,269.18,3,Northeast
O00291,C0131,2025-06-25,Organic Search,192.40,2,South
O00292,C0161,2025-06-25,Paid Search,97.20,1,West
O00293,C0178,2025-06-25,Paid Search,314.28,3,Northeast
O00294,C0195,2025-06-25,Paid Search,224.64,2,South
O00295,C0225,2025-06-25,Direct,75.60,1,West
O00296,C0242,2025-06-25,Direct,244.44,3,Northeast
O00297,C0272,2025-06-25,Referral,308.88,3,Midwest
O00298,C0302,2025-06-25,Email,104.40,1,Northeast
O00299,C0012,2025-06-25,Organic Social,147.44,2,Midwest
O00300,C0029,2025-06-25,Organic Social,79.04,1,West
O00301,C0301,2025-06-26,Organic Search,83.25,1,West
O00302,C0318,2025-06-26,Organic Search,269.18,3,Northeast
O00303,C0015,2025-06-26,Organic Search,192.40,2,South
O00304,C0045,2025-06-26,Paid Search,97.20,1,West
O00305,C0062,2025-06-26,Paid Search,314.28,3,Northeast
O00306,C0079,2025-06-26,Paid Search,224.64,2,South
O00307,C0109,2025-06-26,Direct,75.60,1,West
O00308,C0126,2025-06-26,Direct,244.44,3,Northeast
O00309,C0156,2025-06-26,Referral,308.88,3,Midwest
O00310,C0186,2025-06-26,Email,104.40,1,Northeast
O00311,C0216,2025-06-26,Organic Social,147.44,2,Midwest
O00312,C0233,2025-06-26,Organic Social,79.04,1,West
O00313,C0185,2025-06-27,Organic Search,83.25,1,West
O00314,C0202,2025-06-27,Organic Search,269.18,3,Northeast
O00315,C0219,2025-06-27,Organic Search,192.40,2,South
O00316,C0249,2025-06-27,Paid Search,97.20,1,West
O00317,C0266,2025-06-27,Paid Search,314.28,3,Northeast
O00318,C0283,2025-06-27,Paid Search,224.64,2,South
O00319,C0313,2025-06-27,Direct,75.60,1,West
O00320,C0010,2025-06-27,Direct,244.44,3,Northeast
O00321,C0040,2025-06-27,Referral,308.88,3,Midwest
O00322,C0070,2025-06-27,Email,104.40,1,Northeast
O00323,C0100,2025-06-27,Organic Social,147.44,2,Midwest
O00324,C0117,2025-06-27,Organic Social,79.04,1,West
O00325,C0069,2025-06-28,Organic Search,83.25,1,West
O00326,C0086,2025-06-28,Organic Search,269.18,3,Northeast
O00327,C0103,2025-06-28,Organic Search,192.40,2,South
O00328,C0133,2025-06-28,Paid Search,97.20,1,West
O00329,C0150,2025-06-28,Paid Search,314.28,3,Northeast
O00330,C0167,2025-06-28,Paid Search,224.64,2,South
O00331,C0197,2025-06-28,Direct,75.60,1,West
O00332,C0214,2025-06-28,Direct,244.44,3,Northeast
O00333,C0244,2025-06-28,Referral,308.88,3,Midwest
O00334,C0274,2025-06-28,Email,104.40,1,Northeast
O00335,C0304,2025-06-28,Organic Social,147.44,2,Midwest
O00336,C0001,2025-06-28,Organic Social,79.04,1,West
O00337,C0273,2025-06-29,Organic Search,83.25,1,West
O00338,C0290,2025-06-29,Organic Search,269.18,3,Northeast
O00339,C0307,2025-06-29,Organic Search,192.40,2,South
O00340,C0017,2025-06-29,Paid Search,97.20,1,West
O00341,C0034,2025-06-29,Paid Search,314.28,3,Northeast
O00342,C0051,2025-06-29,Paid Search,224.64,2,South
O00343,C0081,2025-06-29,Direct,75.60,1,West
O00344,C0098,2025-06-29,Direct,244.44,3,Northeast
O00345,C0128,2025-06-29,Referral,308.88,3,Midwest
O00346,C0158,2025-06-29,Email,104.40,1,Northeast
O00347,C0188,2025-06-29,Organic Social,147.44,2,Midwest
O00348,C0205,2025-06-29,Organic Social,79.04,1,West
O00349,C0157,2025-06-30,Organic Search,83.25,1,West
O00350,C0174,2025-06-30,Organic Search,269.18,3,Northeast
O00351,C0191,2025-06-30,Organic Search,192.40,2,South
O00352,C0221,2025-06-30,Paid Search,97.20,1,West
O00353,C0238,2025-06-30,Paid Search,314.28,3,Northeast
O00354,C0255,2025-06-30,Paid Search,224.64,2,South
O00355,C0285,2025-06-30,Direct,75.60,1,West
O00356,C0302,2025-06-30,Direct,244.44,3,Northeast
O00357,C0012,2025-06-30,Referral,308.88,3,Midwest
O00358,C0042,2025-06-30,Email,104.40,1,Northeast
O00359,C0072,2025-06-30,Organic Social,147.44,2,Midwest
O00360,C0089,2025-06-30,Organic Social,79.04,1,West
O00361,C0041,2025-07-01,Organic Search,83.25,1,West
O00362,C0058,2025-07-01,Organic Search,269.18,3,Northeast
O00363,C0075,2025-07-01,Organic Search,192.40,2,South
O00364,C0105,2025-07-01,Paid Search,97.20,1,West
O00365,C0122,2025-07-01,Paid Search,314.28,3,Northeast
O00366,C0139,2025-07-01,Paid Search,224.64,2,South
O00367,C0169,2025-07-01,Direct,75.60,1,West
O00368,C0186,2025-07-01,Direct,244.44,3,Northeast
O00369,C0216,2025-07-01,Referral,308.88,3,Midwest
O00370,C0246,2025-07-01,Email,104.40,1,Northeast
O00371,C0276,2025-07-01,Organic Social,147.44,2,Midwest
O00372,C0293,2025-07-01,Organic Social,79.04,1,West
O00373,C0245,2025-07-02,Organic Search,83.25,1,West
O00374,C0262,2025-07-02,Organic Search,269.18,3,Northeast
O00375,C0279,2025-07-02,Organic Search,192.40,2,South
O00376,C0309,2025-07-02,Paid Search,97.20,1,West
O00377,C0006,2025-07-02,Paid Search,314.28,3,Northeast
O00378,C0023,2025-07-02,Paid Search,224.64,2,South
O00379,C0053,2025-07-02,Direct,75.60,1,West
O00380,C0070,2025-07-02,Direct,244.44,3,Northeast
O00381,C0100,2025-07-02,Referral,308.88,3,Midwest
O00382,C0130,2025-07-02,Email,104.40,1,Northeast
O00383,C0160,2025-07-02,Organic Social,147.44,2,Midwest
O00384,C0177,2025-07-02,Organic Social,79.04,1,West
O00385,C0129,2025-07-03,Organic Search,83.25,1,West
O00386,C0146,2025-07-03,Organic Search,269.18,3,Northeast
O00387,C0163,2025-07-03,Organic Search,192.40,2,South
O00388,C0193,2025-07-03,Paid Search,97.20,1,West
O00389,C0210,2025-07-03,Paid Search,314.28,3,Northeast
O00390,C0227,2025-07-03,Paid Search,224.64,2,South
O00391,C0257,2025-07-03,Direct,75.60,1,West
O00392,C0274,2025-07-03,Direct,244.44,3,Northeast
O00393,C0304,2025-07-03,Referral,308.88,3,Midwest
O00394,C0014,2025-07-03,Email,104.40,1,Northeast
O00395,C0044,2025-07-03,Organic Social,147.44,2,Midwest
O00396,C0061,2025-07-03,Organic Social,79.04,1,West
O00397,C0013,2025-07-04,Organic Search,83.25,1,West
O00398,C0030,2025-07-04,Organic Search,269.18,3,Northeast
O00399,C0047,2025-07-04,Organic Search,192.40,2,South
O00400,C0077,2025-07-04,Paid Search,97.20,1,West
O00401,C0094,2025-07-04,Paid Search,314.28,3,Northeast
O00402,C0111,2025-07-04,Paid Search,224.64,2,South
O00403,C0141,2025-07-04,Direct,75.60,1,West
O00404,C0158,2025-07-04,Direct,244.44,3,Northeast
O00405,C0188,2025-07-04,Referral,308.88,3,Midwest
O00406,C0218,2025-07-04,Email,104.40,1,Northeast
O00407,C0248,2025-07-04,Organic Social,147.44,2,Midwest
O00408,C0265,2025-07-04,Organic Social,79.04,1,West
O00409,C0217,2025-07-05,Organic Search,83.25,1,West
O00410,C0234,2025-07-05,Organic Search,269.18,3,Northeast
O00411,C0251,2025-07-05,Organic Search,192.40,2,South
O00412,C0281,2025-07-05,Paid Search,97.20,1,West
O00413,C0298,2025-07-05,Paid Search,314.28,3,Northeast
O00414,C0315,2025-07-05,Paid Search,224.64,2,South
O00415,C0025,2025-07-05,Direct,75.60,1,West
O00416,C0042,2025-07-05,Direct,244.44,3,Northeast
O00417,C0072,2025-07-05,Referral,308.88,3,Midwest
O00418,C0102,2025-07-05,Email,104.40,1,Northeast
O00419,C0132,2025-07-05,Organic Social,147.44,2,Midwest
O00420,C0149,2025-07-05,Organic Social,79.04,1,West
O00421,C0101,2025-07-06,Organic Search,83.25,1,West
O00422,C0118,2025-07-06,Organic Search,269.18,3,Northeast
O00423,C0135,2025-07-06,Organic Search,192.40,2,South
O00424,C0165,2025-07-06,Paid Search,97.20,1,West
O00425,C0182,2025-07-06,Paid Search,314.28,3,Northeast
O00426,C0199,2025-07-06,Paid Search,224.64,2,South
O00427,C0229,2025-07-06,Direct,75.60,1,West
O00428,C0246,2025-07-06,Direct,244.44,3,Northeast
O00429,C0276,2025-07-06,Referral,308.88,3,Midwest
O00430,C0306,2025-07-06,Email,104.40,1,Northeast
O00431,C0016,2025-07-06,Organic Social,147.44,2,Midwest
O00432,C0033,2025-07-06,Organic Social,79.04,1,West
O00433,C0305,2025-07-07,Organic Search,83.25,1,West
O00434,C0002,2025-07-07,Organic Search,269.18,3,Northeast
O00435,C0019,2025-07-07,Organic Search,192.40,2,South
O00436,C0049,2025-07-07,Paid Search,97.20,1,West
O00437,C0066,2025-07-07,Paid Search,314.28,3,Northeast
O00438,C0083,2025-07-07,Paid Search,224.64,2,South
O00439,C0113,2025-07-07,Direct,75.60,1,West
O00440,C0130,2025-07-07,Direct,244.44,3,Northeast
O00441,C0160,2025-07-07,Referral,308.88,3,Midwest
O00442,C0190,2025-07-07,Email,104.40,1,Northeast
O00443,C0220,2025-07-07,Organic Social,147.44,2,Midwest
O00444,C0237,2025-07-07,Organic Social,79.04,1,West
O00445,C0189,2025-07-08,Organic Search,83.25,1,West
O00446,C0206,2025-07-08,Organic Search,269.18,3,Northeast
O00447,C0223,2025-07-08,Organic Search,192.40,2,South
O00448,C0253,2025-07-08,Paid Search,97.20,1,West
O00449,C0270,2025-07-08,Paid Search,314.28,3,Northeast
O00450,C0287,2025-07-08,Paid Search,224.64,2,South
O00451,C0317,2025-07-08,Direct,75.60,1,West
O00452,C0014,2025-07-08,Direct,244.44,3,Northeast
O00453,C0044,2025-07-08,Referral,308.88,3,Midwest
O00454,C0074,2025-07-08,Email,104.40,1,Northeast
O00455,C0104,2025-07-08,Organic Social,147.44,2,Midwest
O00456,C0121,2025-07-08,Organic Social,79.04,1,West
O00457,C0073,2025-07-09,Organic Search,83.25,1,West
O00458,C0090,2025-07-09,Organic Search,269.18,3,Northeast
O00459,C0107,2025-07-09,Organic Search,192.40,2,South
O00460,C0137,2025-07-09,Paid Search,97.20,1,West
O00461,C0154,2025-07-09,Paid Search,314.28,3,Northeast
O00462,C0171,2025-07-09,Paid Search,224.64,2,South
O00463,C0201,2025-07-09,Direct,75.60,1,West
O00464,C0218,2025-07-09,Direct,244.44,3,Northeast
O00465,C0248,2025-07-09,Referral,308.88,3,Midwest
O00466,C0278,2025-07-09,Email,104.40,1,Northeast
O00467,C0308,2025-07-09,Organic Social,147.44,2,Midwest
O00468,C0005,2025-07-09,Organic Social,79.04,1,West
O00469,C0277,2025-07-10,Organic Search,83.25,1,West
O00470,C0294,2025-07-10,Organic Search,269.18,3,Northeast
O00471,C0311,2025-07-10,Organic Search,192.40,2,South
O00472,C0021,2025-07-10,Paid Search,97.20,1,West
O00473,C0038,2025-07-10,Paid Search,314.28,3,Northeast
O00474,C0055,2025-07-10,Paid Search,224.64,2,South
O00475,C0085,2025-07-10,Direct,75.60,1,West
O00476,C0102,2025-07-10,Direct,244.44,3,Northeast
O00477,C0132,2025-07-10,Referral,308.88,3,Midwest
O00478,C0162,2025-07-10,Email,104.40,1,Northeast
O00479,C0192,2025-07-10,Organic Social,147.44,2,Midwest
O00480,C0209,2025-07-10,Organic Social,79.04,1,West
O00481,C0161,2025-07-11,Organic Search,83.25,1,West
O00482,C0178,2025-07-11,Organic Search,269.18,3,Northeast
O00483,C0195,2025-07-11,Organic Search,192.40,2,South
O00484,C0225,2025-07-11,Paid Search,97.20,1,West
O00485,C0242,2025-07-11,Paid Search,314.28,3,Northeast
O00486,C0259,2025-07-11,Paid Search,224.64,2,South
O00487,C0289,2025-07-11,Direct,75.60,1,West
O00488,C0306,2025-07-11,Direct,244.44,3,Northeast
O00489,C0016,2025-07-11,Referral,308.88,3,Midwest
O00490,C0046,2025-07-11,Email,104.40,1,Northeast
O00491,C0076,2025-07-11,Organic Social,147.44,2,Midwest
O00492,C0093,2025-07-11,Organic Social,79.04,1,West
O00493,C0045,2025-07-12,Organic Search,83.25,1,West
O00494,C0062,2025-07-12,Organic Search,269.18,3,Northeast
O00495,C0079,2025-07-12,Organic Search,192.40,2,South
O00496,C0109,2025-07-12,Paid Search,97.20,1,West
O00497,C0126,2025-07-12,Paid Search,314.28,3,Northeast
O00498,C0143,2025-07-12,Paid Search,224.64,2,South
O00499,C0173,2025-07-12,Direct,75.60,1,West
O00500,C0190,2025-07-12,Direct,244.44,3,Northeast
O00501,C0220,2025-07-12,Referral,308.88,3,Midwest
O00502,C0250,2025-07-12,Email,104.40,1,Northeast
O00503,C0280,2025-07-12,Organic Social,147.44,2,Midwest
O00504,C0297,2025-07-12,Organic Social,79.04,1,West
O00505,C0249,2025-07-13,Organic Search,83.25,1,West
O00506,C0266,2025-07-13,Organic Search,269.18,3,Northeast
O00507,C0283,2025-07-13,Organic Search,192.40,2,South
O00508,C0313,2025-07-13,Paid Search,97.20,1,West
O00509,C0010,2025-07-13,Paid Search,314.28,3,Northeast
O00510,C0027,2025-07-13,Paid Search,224.64,2,South
O00511,C0057,2025-07-13,Direct,75.60,1,West
O00512,C0074,2025-07-13,Direct,244.44,3,Northeast
O00513,C0104,2025-07-13,Referral,308.88,3,Midwest
O00514,C0134,2025-07-13,Email,104.40,1,Northeast
O00515,C0164,2025-07-13,Organic Social,147.44,2,Midwest
O00516,C0181,2025-07-13,Organic Social,79.04,1,West
O00517,C0133,2025-07-14,Organic Search,83.25,1,West
O00518,C0150,2025-07-14,Organic Search,269.18,3,Northeast
O00519,C0167,2025-07-14,Organic Search,192.40,2,South
O00520,C0197,2025-07-14,Paid Search,97.20,1,West
O00521,C0214,2025-07-14,Paid Search,314.28,3,Northeast
O00522,C0231,2025-07-14,Paid Search,224.64,2,South
O00523,C0261,2025-07-14,Direct,75.60,1,West
O00524,C0278,2025-07-14,Direct,244.44,3,Northeast
O00525,C0308,2025-07-14,Referral,308.88,3,Midwest
O00526,C0018,2025-07-14,Email,104.40,1,Northeast
O00527,C0048,2025-07-14,Organic Social,147.44,2,Midwest
O00528,C0065,2025-07-14,Organic Social,79.04,1,West
O00529,C0017,2025-07-15,Organic Search,83.25,1,West
O00530,C0034,2025-07-15,Organic Search,269.18,3,Northeast
O00531,C0051,2025-07-15,Organic Search,192.40,2,South
O00532,C0081,2025-07-15,Paid Search,97.20,1,West
O00533,C0098,2025-07-15,Paid Search,314.28,3,Northeast
O00534,C0115,2025-07-15,Paid Search,224.64,2,South
O00535,C0145,2025-07-15,Direct,75.60,1,West
O00536,C0162,2025-07-15,Direct,244.44,3,Northeast
O00537,C0192,2025-07-15,Referral,308.88,3,Midwest
O00538,C0222,2025-07-15,Email,104.40,1,Northeast
O00539,C0252,2025-07-15,Organic Social,147.44,2,Midwest
O00540,C0269,2025-07-15,Organic Social,79.04,1,West
O00541,C0221,2025-07-16,Organic Search,83.25,1,West
O00542,C0238,2025-07-16,Organic Search,269.18,3,Northeast
O00543,C0255,2025-07-16,Organic Search,192.40,2,South
O00544,C0285,2025-07-16,Paid Search,97.20,1,West
O00545,C0302,2025-07-16,Paid Search,314.28,3,Northeast
O00546,C0319,2025-07-16,Paid Search,224.64,2,South
O00547,C0029,2025-07-16,Direct,75.60,1,West
O00548,C0046,2025-07-16,Direct,244.44,3,Northeast
O00549,C0076,2025-07-16,Referral,308.88,3,Midwest
O00550,C0106,2025-07-16,Email,104.40,1,Northeast
O00551,C0136,2025-07-16,Organic Social,147.44,2,Midwest
O00552,C0153,2025-07-16,Organic Social,79.04,1,West
O00553,C0105,2025-07-17,Organic Search,83.25,1,West
O00554,C0122,2025-07-17,Organic Search,269.18,3,Northeast
O00555,C0139,2025-07-17,Organic Search,192.40,2,South
O00556,C0169,2025-07-17,Paid Search,97.20,1,West
O00557,C0186,2025-07-17,Paid Search,314.28,3,Northeast
O00558,C0203,2025-07-17,Paid Search,224.64,2,South
O00559,C0233,2025-07-17,Direct,75.60,1,West
O00560,C0250,2025-07-17,Direct,244.44,3,Northeast
O00561,C0280,2025-07-17,Referral,308.88,3,Midwest
O00562,C0310,2025-07-17,Email,104.40,1,Northeast
O00563,C0020,2025-07-17,Organic Social,147.44,2,Midwest
O00564,C0037,2025-07-17,Organic Social,79.04,1,West
O00565,C0309,2025-07-18,Organic Search,83.25,1,West
O00566,C0006,2025-07-18,Organic Search,269.18,3,Northeast
O00567,C0023,2025-07-18,Organic Search,192.40,2,South
O00568,C0053,2025-07-18,Paid Search,97.20,1,West
O00569,C0070,2025-07-18,Paid Search,314.28,3,Northeast
O00570,C0087,2025-07-18,Paid Search,224.64,2,South
O00571,C0117,2025-07-18,Direct,75.60,1,West
O00572,C0134,2025-07-18,Direct,244.44,3,Northeast
O00573,C0164,2025-07-18,Referral,308.88,3,Midwest
O00574,C0194,2025-07-18,Email,104.40,1,Northeast
O00575,C0224,2025-07-18,Organic Social,147.44,2,Midwest
O00576,C0241,2025-07-18,Organic Social,79.04,1,West
O00577,C0193,2025-07-19,Organic Search,83.25,1,West
O00578,C0210,2025-07-19,Organic Search,269.18,3,Northeast
O00579,C0227,2025-07-19,Organic Search,192.40,2,South
O00580,C0257,2025-07-19,Paid Search,97.20,1,West
O00581,C0274,2025-07-19,Paid Search,314.28,3,Northeast
O00582,C0291,2025-07-19,Paid Search,224.64,2,South
O00583,C0001,2025-07-19,Direct,75.60,1,West
O00584,C0018,2025-07-19,Direct,244.44,3,Northeast
O00585,C0048,2025-07-19,Referral,308.88,3,Midwest
O00586,C0078,2025-07-19,Email,104.40,1,Northeast
O00587,C0108,2025-07-19,Organic Social,147.44,2,Midwest
O00588,C0125,2025-07-19,Organic Social,79.04,1,West
O00589,C0077,2025-07-20,Organic Search,83.25,1,West
O00590,C0094,2025-07-20,Organic Search,269.18,3,Northeast
O00591,C0111,2025-07-20,Organic Search,192.40,2,South
O00592,C0141,2025-07-20,Paid Search,97.20,1,West
O00593,C0158,2025-07-20,Paid Search,314.28,3,Northeast
O00594,C0175,2025-07-20,Paid Search,224.64,2,South
O00595,C0205,2025-07-20,Direct,75.60,1,West
O00596,C0222,2025-07-20,Direct,244.44,3,Northeast
O00597,C0252,2025-07-20,Referral,308.88,3,Midwest
O00598,C0282,2025-07-20,Email,104.40,1,Northeast
O00599,C0312,2025-07-20,Organic Social,147.44,2,Midwest
O00600,C0009,2025-07-20,Organic Social,79.04,1,West
O00601,C0281,2025-07-21,Organic Search,83.25,1,West
O00602,C0298,2025-07-21,Organic Search,269.18,3,Northeast
O00603,C0315,2025-07-21,Organic Search,192.40,2,South
O00604,C0025,2025-07-21,Paid Search,97.20,1,West
O00605,C0042,2025-07-21,Paid Search,314.28,3,Northeast
O00606,C0059,2025-07-21,Paid Search,224.64,2,South
O00607,C0089,2025-07-21,Direct,75.60,1,West
O00608,C0106,2025-07-21,Direct,244.44,3,Northeast
O00609,C0136,2025-07-21,Referral,308.88,3,Midwest
O00610,C0166,2025-07-21,Email,104.40,1,Northeast
O00611,C0196,2025-07-21,Organic Social,147.44,2,Midwest
O00612,C0213,2025-07-21,Organic Social,79.04,1,West
O00613,C0165,2025-07-22,Organic Search,83.25,1,West
O00614,C0182,2025-07-22,Organic Search,269.18,3,Northeast
O00615,C0199,2025-07-22,Organic Search,192.40,2,South
O00616,C0229,2025-07-22,Paid Search,97.20,1,West
O00617,C0246,2025-07-22,Paid Search,314.28,3,Northeast
O00618,C0263,2025-07-22,Paid Search,224.64,2,South
O00619,C0293,2025-07-22,Direct,75.60,1,West
O00620,C0310,2025-07-22,Direct,244.44,3,Northeast
O00621,C0020,2025-07-22,Referral,308.88,3,Midwest
O00622,C0050,2025-07-22,Email,104.40,1,Northeast
O00623,C0080,2025-07-22,Organic Social,147.44,2,Midwest
O00624,C0097,2025-07-22,Organic Social,79.04,1,West
O00625,C0049,2025-07-23,Organic Search,83.25,1,West
O00626,C0066,2025-07-23,Organic Search,269.18,3,Northeast
O00627,C0083,2025-07-23,Organic Search,192.40,2,South
O00628,C0113,2025-07-23,Paid Search,97.20,1,West
O00629,C0130,2025-07-23,Paid Search,314.28,3,Northeast
O00630,C0147,2025-07-23,Paid Search,224.64,2,South
O00631,C0177,2025-07-23,Direct,75.60,1,West
O00632,C0194,2025-07-23,Direct,244.44,3,Northeast
O00633,C0224,2025-07-23,Referral,308.88,3,Midwest
O00634,C0254,2025-07-23,Email,104.40,1,Northeast
O00635,C0284,2025-07-23,Organic Social,147.44,2,Midwest
O00636,C0301,2025-07-23,Organic Social,79.04,1,West
O00637,C0253,2025-07-24,Organic Search,83.25,1,West
O00638,C0270,2025-07-24,Organic Search,269.18,3,Northeast
O00639,C0287,2025-07-24,Organic Search,192.40,2,South
O00640,C0317,2025-07-24,Paid Search,97.20,1,West
O00641,C0014,2025-07-24,Paid Search,314.28,3,Northeast
O00642,C0031,2025-07-24,Paid Search,224.64,2,South
O00643,C0061,2025-07-24,Direct,75.60,1,West
O00644,C0078,2025-07-24,Direct,244.44,3,Northeast
O00645,C0108,2025-07-24,Referral,308.88,3,Midwest
O00646,C0138,2025-07-24,Email,104.40,1,Northeast
O00647,C0168,2025-07-24,Organic Social,147.44,2,Midwest
O00648,C0185,2025-07-24,Organic Social,79.04,1,West
O00649,C0137,2025-07-25,Organic Search,83.25,1,West
O00650,C0154,2025-07-25,Organic Search,269.18,3,Northeast
O00651,C0171,2025-07-25,Organic Search,192.40,2,South
O00652,C0201,2025-07-25,Paid Search,97.20,1,West
O00653,C0218,2025-07-25,Paid Search,314.28,3,Northeast
O00654,C0235,2025-07-25,Paid Search,224.64,2,South
O00655,C0265,2025-07-25,Direct,75.60,1,West
O00656,C0282,2025-07-25,Direct,244.44,3,Northeast
O00657,C0312,2025-07-25,Referral,308.88,3,Midwest
O00658,C0022,2025-07-25,Email,104.40,1,Northeast
O00659,C0052,2025-07-25,Organic Social,147.44,2,Midwest
O00660,C0069,2025-07-25,Organic Social,79.04,1,West
O00661,C0021,2025-07-26,Organic Search,83.25,1,West
O00662,C0038,2025-07-26,Organic Search,269.18,3,Northeast
O00663,C0055,2025-07-26,Organic Search,192.40,2,South
O00664,C0085,2025-07-26,Paid Search,97.20,1,West
O00665,C0102,2025-07-26,Paid Search,314.28,3,Northeast
O00666,C0119,2025-07-26,Paid Search,224.64,2,South
O00667,C0149,2025-07-26,Direct,75.60,1,West
O00668,C0166,2025-07-26,Direct,244.44,3,Northeast
O00669,C0196,2025-07-26,Referral,308.88,3,Midwest
O00670,C0226,2025-07-26,Email,104.40,1,Northeast
O00671,C0256,2025-07-26,Organic Social,147.44,2,Midwest
O00672,C0273,2025-07-26,Organic Social,79.04,1,West
O00673,C0225,2025-07-27,Organic Search,83.25,1,West
O00674,C0242,2025-07-27,Organic Search,269.18,3,Northeast
O00675,C0259,2025-07-27,Organic Search,192.40,2,South
O00676,C0289,2025-07-27,Paid Search,97.20,1,West
O00677,C0306,2025-07-27,Paid Search,314.28,3,Northeast
O00678,C0003,2025-07-27,Paid Search,224.64,2,South
O00679,C0033,2025-07-27,Direct,75.60,1,West
O00680,C0050,2025-07-27,Direct,244.44,3,Northeast
O00681,C0080,2025-07-27,Referral,308.88,3,Midwest
O00682,C0110,2025-07-27,Email,104.40,1,Northeast
O00683,C0140,2025-07-27,Organic Social,147.44,2,Midwest
O00684,C0157,2025-07-27,Organic Social,79.04,1,West
O00685,C0109,2025-07-28,Organic Search,83.25,1,West
O00686,C0126,2025-07-28,Organic Search,269.18,3,Northeast
O00687,C0143,2025-07-28,Organic Search,192.40,2,South
O00688,C0173,2025-07-28,Paid Search,97.20,1,West
O00689,C0190,2025-07-28,Paid Search,314.28,3,Northeast
O00690,C0207,2025-07-28,Paid Search,224.64,2,South
O00691,C0237,2025-07-28,Direct,75.60,1,West
O00692,C0254,2025-07-28,Direct,244.44,3,Northeast
O00693,C0284,2025-07-28,Referral,308.88,3,Midwest
O00694,C0314,2025-07-28,Email,104.40,1,Northeast
O00695,C0024,2025-07-28,Organic Social,147.44,2,Midwest
O00696,C0041,2025-07-28,Organic Social,79.04,1,West
O00697,C0313,2025-07-29,Organic Search,83.25,1,West
O00698,C0010,2025-07-29,Organic Search,269.18,3,Northeast
O00699,C0027,2025-07-29,Organic Search,192.40,2,South
O00700,C0057,2025-07-29,Paid Search,97.20,1,West
O00701,C0074,2025-07-29,Paid Search,314.28,3,Northeast
O00702,C0091,2025-07-29,Paid Search,224.64,2,South
O00703,C0121,2025-07-29,Direct,75.60,1,West
O00704,C0138,2025-07-29,Direct,244.44,3,Northeast
O00705,C0168,2025-07-29,Referral,308.88,3,Midwest
O00706,C0198,2025-07-29,Email,104.40,1,Northeast
O00707,C0228,2025-07-29,Organic Social,147.44,2,Midwest
O00708,C0245,2025-07-29,Organic Social,79.04,1,West
O00709,C0197,2025-07-30,Organic Search,83.25,1,West
O00710,C0214,2025-07-30,Organic Search,269.18,3,Northeast
O00711,C0231,2025-07-30,Organic Search,192.40,2,South
O00712,C0261,2025-07-30,Paid Search,97.20,1,West
O00713,C0278,2025-07-30,Paid Search,314.28,3,Northeast
O00714,C0295,2025-07-30,Paid Search,224.64,2,South
O00715,C0005,2025-07-30,Direct,75.60,1,West
O00716,C0022,2025-07-30,Direct,244.44,3,Northeast
O00717,C0052,2025-07-30,Referral,308.88,3,Midwest
O00718,C0082,2025-07-30,Email,104.40,1,Northeast
O00719,C0112,2025-07-30,Organic Social,147.44,2,Midwest
O00720,C0129,2025-07-30,Organic Social,79.04,1,West
O00721,C0081,2025-07-31,Organic Search,83.25,1,West
O00722,C0098,2025-07-31,Organic Search,269.18,3,Northeast
O00723,C0115,2025-07-31,Organic Search,192.40,2,South
O00724,C0145,2025-07-31,Paid Search,97.20,1,West
O00725,C0162,2025-07-31,Paid Search,314.28,3,Northeast
O00726,C0179,2025-07-31,Paid Search,224.64,2,South
O00727,C0209,2025-07-31,Direct,75.60,1,West
O00728,C0226,2025-07-31,Direct,244.44,3,Northeast
O00729,C0256,2025-07-31,Referral,308.88,3,Midwest
O00730,C0286,2025-07-31,Email,104.40,1,Northeast
O00731,C0316,2025-07-31,Organic Social,147.44,2,Midwest
O00732,C0013,2025-07-31,Organic Social,79.04,1,West
O00733,C0285,2025-08-01,Organic Search,83.25,1,West
O00734,C0302,2025-08-01,Organic Search,269.18,3,Northeast
O00735,C0319,2025-08-01,Organic Search,192.40,2,South
O00736,C0029,2025-08-01,Paid Search,97.20,1,West
O00737,C0059,2025-08-01,Direct,162.96,2,South
O00738,C0076,2025-08-01,Direct,87.36,1,Midwest
O00739,C0106,2025-08-01,Referral,89.10,1,Northeast
O00740,C0136,2025-08-01,Email,225.04,2,Midwest
O00741,C0101,2025-08-02,Organic Search,288.60,3,West
O00742,C0118,2025-08-02,Organic Search,166.50,2,Northeast
O00743,C0135,2025-08-02,Organic Search,89.72,1,South
O00744,C0165,2025-08-02,Paid Search,336.96,3,West
O00745,C0195,2025-08-02,Direct,75.60,1,South
O00746,C0212,2025-08-02,Direct,244.44,3,Midwest
O00747,C0242,2025-08-02,Referral,308.88,3,Northeast
O00748,C0272,2025-08-02,Email,104.40,1,Midwest
O00749,C0237,2025-08-03,Organic Search,179.45,2,West
O00750,C0254,2025-08-03,Organic Search,96.20,1,Northeast
O00751,C0271,2025-08-03,Organic Search,249.75,3,South
O00752,C0301,2025-08-03,Paid Search,209.52,2,West
O00753,C0011,2025-08-03,Direct,262.08,3,South
O00754,C0028,2025-08-03,Direct,151.20,2,Midwest
O00755,C0058,2025-08-03,Referral,192.06,2,Northeast
O00756,C0088,2025-08-03,Email,361.92,3,Midwest
O00757,C0053,2025-08-04,Organic Search,83.25,1,West
O00758,C0070,2025-08-04,Organic Search,269.18,3,Northeast
O00759,C0087,2025-08-04,Organic Search,192.40,2,South
O00760,C0117,2025-08-04,Paid Search,97.20,1,West
O00761,C0147,2025-08-04,Direct,162.96,2,South
O00762,C0164,2025-08-04,Direct,87.36,1,Midwest
O00763,C0194,2025-08-04,Referral,89.10,1,Northeast
O00764,C0224,2025-08-04,Email,225.04,2,Midwest
O00765,C0189,2025-08-05,Organic Search,288.60,3,West
O00766,C0206,2025-08-05,Organic Search,166.50,2,Northeast
O00767,C0223,2025-08-05,Organic Search,89.72,1,South
O00768,C0253,2025-08-05,Paid Search,336.96,3,West
O00769,C0283,2025-08-05,Direct,75.60,1,South
O00770,C0300,2025-08-05,Direct,244.44,3,Midwest
O00771,C0010,2025-08-05,Referral,308.88,3,Northeast
O00772,C0040,2025-08-05,Email,104.40,1,Midwest
O00773,C0005,2025-08-06,Organic Search,179.45,2,West
O00774,C0022,2025-08-06,Organic Search,96.20,1,Northeast
O00775,C0039,2025-08-06,Organic Search,249.75,3,South
O00776,C0069,2025-08-06,Paid Search,209.52,2,West
O00777,C0099,2025-08-06,Direct,262.08,3,South
O00778,C0116,2025-08-06,Direct,151.20,2,Midwest
O00779,C0146,2025-08-06,Referral,192.06,2,Northeast
O00780,C0176,2025-08-06,Email,361.92,3,Midwest
O00781,C0141,2025-08-07,Organic Search,83.25,1,West
O00782,C0158,2025-08-07,Organic Search,269.18,3,Northeast
O00783,C0175,2025-08-07,Organic Search,192.40,2,South
O00784,C0205,2025-08-07,Paid Search,97.20,1,West
O00785,C0235,2025-08-07,Direct,162.96,2,South
O00786,C0252,2025-08-07,Direct,87.36,1,Midwest
O00787,C0282,2025-08-07,Referral,89.10,1,Northeast
O00788,C0312,2025-08-07,Email,225.04,2,Midwest
O00789,C0277,2025-08-08,Organic Search,288.60,3,West
O00790,C0294,2025-08-08,Organic Search,166.50,2,Northeast
O00791,C0311,2025-08-08,Organic Search,89.72,1,South
O00792,C0021,2025-08-08,Paid Search,336.96,3,West
O00793,C0051,2025-08-08,Direct,75.60,1,South
O00794,C0068,2025-08-08,Direct,244.44,3,Midwest
O00795,C0098,2025-08-08,Referral,308.88,3,Northeast
O00796,C0128,2025-08-08,Email,104.40,1,Midwest
O00797,C0093,2025-08-09,Organic Search,179.45,2,West
O00798,C0110,2025-08-09,Organic Search,96.20,1,Northeast
O00799,C0127,2025-08-09,Organic Search,249.75,3,South
O00800,C0157,2025-08-09,Paid Search,209.52,2,West
O00801,C0187,2025-08-09,Direct,262.08,3,South
O00802,C0204,2025-08-09,Direct,151.20,2,Midwest
O00803,C0234,2025-08-09,Referral,192.06,2,Northeast
O00804,C0264,2025-08-09,Email,361.92,3,Midwest
O00805,C0229,2025-08-10,Organic Search,83.25,1,West
O00806,C0246,2025-08-10,Organic Search,269.18,3,Northeast
O00807,C0263,2025-08-10,Organic Search,192.40,2,South
O00808,C0293,2025-08-10,Paid Search,97.20,1,West
O00809,C0003,2025-08-10,Direct,162.96,2,South
O00810,C0020,2025-08-10,Direct,87.36,1,Midwest
O00811,C0050,2025-08-10,Referral,89.10,1,Northeast
O00812,C0080,2025-08-10,Email,225.04,2,Midwest
O00813,C0045,2025-08-11,Organic Search,288.60,3,West
O00814,C0062,2025-08-11,Organic Search,166.50,2,Northeast
O00815,C0079,2025-08-11,Organic Search,89.72,1,South
O00816,C0109,2025-08-11,Paid Search,336.96,3,West
O00817,C0139,2025-08-11,Direct,75.60,1,South
O00818,C0156,2025-08-11,Direct,244.44,3,Midwest
O00819,C0186,2025-08-11,Referral,308.88,3,Northeast
O00820,C0216,2025-08-11,Email,104.40,1,Midwest
O00821,C0181,2025-08-12,Organic Search,179.45,2,West
O00822,C0198,2025-08-12,Organic Search,96.20,1,Northeast
O00823,C0215,2025-08-12,Organic Search,249.75,3,South
O00824,C0245,2025-08-12,Paid Search,209.52,2,West
O00825,C0275,2025-08-12,Direct,262.08,3,South
O00826,C0292,2025-08-12,Direct,151.20,2,Midwest
O00827,C0002,2025-08-12,Referral,192.06,2,Northeast
O00828,C0032,2025-08-12,Email,361.92,3,Midwest
O00829,C0317,2025-08-13,Organic Search,83.25,1,West
O00830,C0014,2025-08-13,Organic Search,269.18,3,Northeast
O00831,C0031,2025-08-13,Organic Search,192.40,2,South
O00832,C0061,2025-08-13,Paid Search,97.20,1,West
O00833,C0091,2025-08-13,Direct,162.96,2,South
O00834,C0108,2025-08-13,Direct,87.36,1,Midwest
O00835,C0138,2025-08-13,Referral,89.10,1,Northeast
O00836,C0168,2025-08-13,Email,225.04,2,Midwest
O00837,C0133,2025-08-14,Organic Search,288.60,3,West
O00838,C0150,2025-08-14,Organic Search,166.50,2,Northeast
O00839,C0167,2025-08-14,Organic Search,89.72,1,South
O00840,C0197,2025-08-14,Paid Search,336.96,3,West
O00841,C0227,2025-08-14,Direct,75.60,1,South
O00842,C0244,2025-08-14,Direct,244.44,3,Midwest
O00843,C0274,2025-08-14,Referral,308.88,3,Northeast
O00844,C0304,2025-08-14,Email,104.40,1,Midwest
O00845,C0269,2025-08-15,Organic Search,179.45,2,West
O00846,C0286,2025-08-15,Organic Search,96.20,1,Northeast
O00847,C0303,2025-08-15,Organic Search,249.75,3,South
O00848,C0013,2025-08-15,Paid Search,209.52,2,West
O00849,C0043,2025-08-15,Direct,262.08,3,South
O00850,C0060,2025-08-15,Direct,151.20,2,Midwest
O00851,C0090,2025-08-15,Referral,192.06,2,Northeast
O00852,C0120,2025-08-15,Email,361.92,3,Midwest
O00853,C0085,2025-08-16,Organic Search,83.25,1,West
O00854,C0102,2025-08-16,Organic Search,269.18,3,Northeast
O00855,C0119,2025-08-16,Organic Search,192.40,2,South
O00856,C0149,2025-08-16,Paid Search,97.20,1,West
O00857,C0179,2025-08-16,Direct,162.96,2,South
O00858,C0196,2025-08-16,Direct,87.36,1,Midwest
O00859,C0226,2025-08-16,Referral,89.10,1,Northeast
O00860,C0256,2025-08-16,Email,225.04,2,Midwest
O00861,C0221,2025-08-17,Organic Search,288.60,3,West
O00862,C0238,2025-08-17,Organic Search,166.50,2,Northeast
O00863,C0255,2025-08-17,Organic Search,89.72,1,South
O00864,C0285,2025-08-17,Paid Search,336.96,3,West
O00865,C0315,2025-08-17,Direct,75.60,1,South
O00866,C0012,2025-08-17,Direct,244.44,3,Midwest
O00867,C0042,2025-08-17,Referral,308.88,3,Northeast
O00868,C0072,2025-08-17,Email,104.40,1,Midwest
O00869,C0037,2025-08-18,Organic Search,179.45,2,West
O00870,C0054,2025-08-18,Organic Search,96.20,1,Northeast
O00871,C0071,2025-08-18,Organic Search,249.75,3,South
O00872,C0101,2025-08-18,Paid Search,209.52,2,West
O00873,C0131,2025-08-18,Direct,262.08,3,South
O00874,C0148,2025-08-18,Direct,151.20,2,Midwest
O00875,C0178,2025-08-18,Referral,192.06,2,Northeast
O00876,C0208,2025-08-18,Email,361.92,3,Midwest
O00877,C0173,2025-08-19,Organic Search,83.25,1,West
O00878,C0190,2025-08-19,Organic Search,269.18,3,Northeast
O00879,C0207,2025-08-19,Organic Search,192.40,2,South
O00880,C0237,2025-08-19,Paid Search,97.20,1,West
O00881,C0267,2025-08-19,Direct,162.96,2,South
O00882,C0284,2025-08-19,Direct,87.36,1,Midwest
O00883,C0314,2025-08-19,Referral,89.10,1,Northeast
O00884,C0024,2025-08-19,Email,225.04,2,Midwest
O00885,C0309,2025-08-20,Organic Search,288.60,3,West
O00886,C0006,2025-08-20,Organic Search,166.50,2,Northeast
O00887,C0023,2025-08-20,Organic Search,89.72,1,South
O00888,C0053,2025-08-20,Paid Search,336.96,3,West
O00889,C0083,2025-08-20,Direct,75.60,1,South
O00890,C0100,2025-08-20,Direct,244.44,3,Midwest
O00891,C0130,2025-08-20,Referral,308.88,3,Northeast
O00892,C0160,2025-08-20,Email,104.40,1,Midwest
O00893,C0125,2025-08-21,Organic Search,179.45,2,West
O00894,C0142,2025-08-21,Organic Search,96.20,1,Northeast
O00895,C0159,2025-08-21,Organic Search,249.75,3,South
O00896,C0189,2025-08-21,Paid Search,209.52,2,West
O00897,C0219,2025-08-21,Direct,262.08,3,South
O00898,C0236,2025-08-21,Direct,151.20,2,Midwest
O00899,C0266,2025-08-21,Referral,192.06,2,Northeast
O00900,C0296,2025-08-21,Email,361.92,3,Midwest
O00901,C0261,2025-08-22,Organic Search,83.25,1,West
O00902,C0278,2025-08-22,Organic Search,269.18,3,Northeast
O00903,C0295,2025-08-22,Organic Search,192.40,2,South
O00904,C0005,2025-08-22,Paid Search,97.20,1,West
O00905,C0035,2025-08-22,Direct,162.96,2,South
O00906,C0052,2025-08-22,Direct,87.36,1,Midwest
O00907,C0082,2025-08-22,Referral,89.10,1,Northeast
O00908,C0112,2025-08-22,Email,225.04,2,Midwest
O00909,C0077,2025-08-23,Organic Search,288.60,3,West
O00910,C0094,2025-08-23,Organic Search,166.50,2,Northeast
O00911,C0111,2025-08-23,Organic Search,89.72,1,South
O00912,C0141,2025-08-23,Paid Search,336.96,3,West
O00913,C0171,2025-08-23,Direct,75.60,1,South
O00914,C0188,2025-08-23,Direct,244.44,3,Midwest
O00915,C0218,2025-08-23,Referral,308.88,3,Northeast
O00916,C0248,2025-08-23,Email,104.40,1,Midwest
O00917,C0213,2025-08-24,Organic Search,179.45,2,West
O00918,C0230,2025-08-24,Organic Search,96.20,1,Northeast
O00919,C0247,2025-08-24,Organic Search,249.75,3,South
O00920,C0277,2025-08-24,Paid Search,209.52,2,West
O00921,C0307,2025-08-24,Direct,262.08,3,South
O00922,C0004,2025-08-24,Direct,151.20,2,Midwest
O00923,C0034,2025-08-24,Referral,192.06,2,Northeast
O00924,C0064,2025-08-24,Email,361.92,3,Midwest
O00925,C0029,2025-08-25,Organic Search,83.25,1,West
O00926,C0046,2025-08-25,Organic Search,269.18,3,Northeast
O00927,C0063,2025-08-25,Organic Search,192.40,2,South
O00928,C0093,2025-08-25,Paid Search,97.20,1,West
O00929,C0123,2025-08-25,Direct,162.96,2,South
O00930,C0140,2025-08-25,Direct,87.36,1,Midwest
O00931,C0170,2025-08-25,Referral,89.10,1,Northeast
O00932,C0200,2025-08-25,Email,225.04,2,Midwest
O00933,C0165,2025-08-26,Organic Search,288.60,3,West
O00934,C0182,2025-08-26,Organic Search,166.50,2,Northeast
O00935,C0199,2025-08-26,Organic Search,89.72,1,South
O00936,C0229,2025-08-26,Paid Search,336.96,3,West
O00937,C0259,2025-08-26,Direct,75.60,1,South
O00938,C0276,2025-08-26,Direct,244.44,3,Midwest
O00939,C0306,2025-08-26,Referral,308.88,3,Northeast
O00940,C0016,2025-08-26,Email,104.40,1,Midwest
O00941,C0301,2025-08-27,Organic Search,179.45,2,West
O00942,C0318,2025-08-27,Organic Search,96.20,1,Northeast
O00943,C0015,2025-08-27,Organic Search,249.75,3,South
O00944,C0045,2025-08-27,Paid Search,209.52,2,West
O00945,C0075,2025-08-27,Direct,262.08,3,South
O00946,C0092,2025-08-27,Direct,151.20,2,Midwest
O00947,C0122,2025-08-27,Referral,192.06,2,Northeast
O00948,C0152,2025-08-27,Email,361.92,3,Midwest
O00949,C0117,2025-08-28,Organic Search,83.25,1,West
O00950,C0134,2025-08-28,Organic Search,269.18,3,Northeast
O00951,C0151,2025-08-28,Organic Search,192.40,2,South
O00952,C0181,2025-08-28,Paid Search,97.20,1,West
O00953,C0211,2025-08-28,Direct,162.96,2,South
O00954,C0228,2025-08-28,Direct,87.36,1,Midwest
O00955,C0258,2025-08-28,Referral,89.10,1,Northeast
O00956,C0288,2025-08-28,Email,225.04,2,Midwest
O00957,C0253,2025-08-29,Organic Search,288.60,3,West
O00958,C0270,2025-08-29,Organic Search,166.50,2,Northeast
O00959,C0287,2025-08-29,Organic Search,89.72,1,South
O00960,C0317,2025-08-29,Paid Search,336.96,3,West
O00961,C0027,2025-08-29,Direct,75.60,1,South
O00962,C0044,2025-08-29,Direct,244.44,3,Midwest
O00963,C0074,2025-08-29,Referral,308.88,3,Northeast
O00964,C0104,2025-08-29,Email,104.40,1,Midwest
O00965,C0069,2025-08-30,Organic Search,179.45,2,West
O00966,C0086,2025-08-30,Organic Search,96.20,1,Northeast
O00967,C0103,2025-08-30,Organic Search,249.75,3,South
O00968,C0133,2025-08-30,Paid Search,209.52,2,West
O00969,C0163,2025-08-30,Direct,262.08,3,South
O00970,C0180,2025-08-30,Direct,151.20,2,Midwest
O00971,C0210,2025-08-30,Referral,192.06,2,Northeast
O00972,C0240,2025-08-30,Email,361.92,3,Midwest
O00973,C0205,2025-08-31,Organic Search,83.25,1,West
O00974,C0222,2025-08-31,Organic Search,269.18,3,Northeast
O00975,C0239,2025-08-31,Organic Search,192.40,2,South
O00976,C0269,2025-08-31,Paid Search,97.20,1,West
O00977,C0299,2025-08-31,Direct,162.96,2,South
O00978,C0316,2025-08-31,Direct,87.36,1,Midwest
O00979,C0026,2025-08-31,Referral,89.10,1,Northeast
O00980,C0056,2025-08-31,Email,225.04,2,Midwest
O00981,C0021,2025-09-01,Organic Search,288.60,3,West
O00982,C0038,2025-09-01,Organic Search,166.50,2,Northeast
O00983,C0055,2025-09-01,Organic Search,89.72,1,South
O00984,C0085,2025-09-01,Paid Search,336.96,3,West
O00985,C0102,2025-09-01,Paid Search,194.40,2,Northeast
O00986,C0119,2025-09-01,Paid Search,104.76,1,South
O00987,C0149,2025-09-01,Direct,262.08,3,West
O00988,C0166,2025-09-01,Direct,151.20,2,Northeast
O00989,C0196,2025-09-01,Referral,192.06,2,Midwest
O00990,C0226,2025-09-01,Email,361.92,3,Northeast
O00991,C0256,2025-09-01,Organic Social,68.40,1,Midwest
O00992,C0273,2025-09-01,Organic Social,221.16,3,West
O00993,C0225,2025-09-02,Organic Search,288.60,3,West
O00994,C0242,2025-09-02,Organic Search,166.50,2,Northeast
O00995,C0259,2025-09-02,Organic Search,89.72,1,South
O00996,C0289,2025-09-02,Paid Search,336.96,3,West
O00997,C0306,2025-09-02,Paid Search,194.40,2,Northeast
O00998,C0003,2025-09-02,Paid Search,104.76,1,South
O00999,C0033,2025-09-02,Direct,262.08,3,West
O01000,C0050,2025-09-02,Direct,151.20,2,Northeast
O01001,C0080,2025-09-02,Referral,192.06,2,Midwest
O01002,C0110,2025-09-02,Email,361.92,3,Northeast
O01003,C0140,2025-09-02,Organic Social,68.40,1,Midwest
O01004,C0157,2025-09-02,Organic Social,221.16,3,West
O01005,C0109,2025-09-03,Organic Search,288.60,3,West
O01006,C0126,2025-09-03,Organic Search,166.50,2,Northeast
O01007,C0143,2025-09-03,Organic Search,89.72,1,South
O01008,C0173,2025-09-03,Paid Search,336.96,3,West
O01009,C0190,2025-09-03,Paid Search,194.40,2,Northeast
O01010,C0207,2025-09-03,Paid Search,104.76,1,South
O01011,C0237,2025-09-03,Direct,262.08,3,West
O01012,C0254,2025-09-03,Direct,151.20,2,Northeast
O01013,C0284,2025-09-03,Referral,192.06,2,Midwest
O01014,C0314,2025-09-03,Email,361.92,3,Northeast
O01015,C0024,2025-09-03,Organic Social,68.40,1,Midwest
O01016,C0041,2025-09-03,Organic Social,221.16,3,West
O01017,C0313,2025-09-04,Organic Search,288.60,3,West
O01018,C0010,2025-09-04,Organic Search,166.50,2,Northeast
O01019,C0027,2025-09-04,Organic Search,89.72,1,South
O01020,C0057,2025-09-04,Paid Search,336.96,3,West
O01021,C0074,2025-09-04,Paid Search,194.40,2,Northeast
O01022,C0091,2025-09-04,Paid Search,104.76,1,South
O01023,C0121,2025-09-04,Direct,262.08,3,West
O01024,C0138,2025-09-04,Direct,151.20,2,Northeast
O01025,C0168,2025-09-04,Referral,192.06,2,Midwest
O01026,C0198,2025-09-04,Email,361.92,3,Northeast
O01027,C0228,2025-09-04,Organic Social,68.40,1,Midwest
O01028,C0245,2025-09-04,Organic Social,221.16,3,West
O01029,C0197,2025-09-05,Organic Search,288.60,3,West
O01030,C0214,2025-09-05,Organic Search,166.50,2,Northeast
O01031,C0231,2025-09-05,Organic Search,89.72,1,South
O01032,C0261,2025-09-05,Paid Search,336.96,3,West
O01033,C0278,2025-09-05,Paid Search,194.40,2,Northeast
O01034,C0295,2025-09-05,Paid Search,104.76,1,South
O01035,C0005,2025-09-05,Direct,262.08,3,West
O01036,C0022,2025-09-05,Direct,151.20,2,Northeast
O01037,C0052,2025-09-05,Referral,192.06,2,Midwest
O01038,C0082,2025-09-05,Email,361.92,3,Northeast
O01039,C0112,2025-09-05,Organic Social,68.40,1,Midwest
O01040,C0129,2025-09-05,Organic Social,221.16,3,West
O01041,C0081,2025-09-06,Organic Search,288.60,3,West
O01042,C0098,2025-09-06,Organic Search,166.50,2,Northeast
O01043,C0115,2025-09-06,Organic Search,89.72,1,South
O01044,C0145,2025-09-06,Paid Search,336.96,3,West
O01045,C0162,2025-09-06,Paid Search,194.40,2,Northeast
O01046,C0179,2025-09-06,Paid Search,104.76,1,South
O01047,C0209,2025-09-06,Direct,262.08,3,West
O01048,C0226,2025-09-06,Direct,151.20,2,Northeast
O01049,C0256,2025-09-06,Referral,192.06,2,Midwest
O01050,C0286,2025-09-06,Email,361.92,3,Northeast
O01051,C0316,2025-09-06,Organic Social,68.40,1,Midwest
O01052,C0013,2025-09-06,Organic Social,221.16,3,West
O01053,C0285,2025-09-07,Organic Search,288.60,3,West
O01054,C0302,2025-09-07,Organic Search,166.50,2,Northeast
O01055,C0319,2025-09-07,Organic Search,89.72,1,South
O01056,C0029,2025-09-07,Paid Search,336.96,3,West
O01057,C0046,2025-09-07,Paid Search,194.40,2,Northeast
O01058,C0063,2025-09-07,Paid Search,104.76,1,South
O01059,C0093,2025-09-07,Direct,262.08,3,West
O01060,C0110,2025-09-07,Direct,151.20,2,Northeast
O01061,C0140,2025-09-07,Referral,192.06,2,Midwest
O01062,C0170,2025-09-07,Email,361.92,3,Northeast
O01063,C0200,2025-09-07,Organic Social,68.40,1,Midwest
O01064,C0217,2025-09-07,Organic Social,221.16,3,West
O01065,C0169,2025-09-08,Organic Search,288.60,3,West
O01066,C0186,2025-09-08,Organic Search,166.50,2,Northeast
O01067,C0203,2025-09-08,Organic Search,89.72,1,South
O01068,C0233,2025-09-08,Paid Search,336.96,3,West
O01069,C0250,2025-09-08,Paid Search,194.40,2,Northeast
O01070,C0267,2025-09-08,Paid Search,104.76,1,South
O01071,C0297,2025-09-08,Direct,262.08,3,West
O01072,C0314,2025-09-08,Direct,151.20,2,Northeast
O01073,C0024,2025-09-08,Referral,192.06,2,Midwest
O01074,C0054,2025-09-08,Email,361.92,3,Northeast
O01075,C0084,2025-09-08,Organic Social,68.40,1,Midwest
O01076,C0101,2025-09-08,Organic Social,221.16,3,West
O01077,C0053,2025-09-09,Organic Search,288.60,3,West
O01078,C0070,2025-09-09,Organic Search,166.50,2,Northeast
O01079,C0087,2025-09-09,Organic Search,89.72,1,South
O01080,C0117,2025-09-09,Paid Search,336.96,3,West
O01081,C0134,2025-09-09,Paid Search,194.40,2,Northeast
O01082,C0151,2025-09-09,Paid Search,104.76,1,South
O01083,C0181,2025-09-09,Direct,262.08,3,West
O01084,C0198,2025-09-09,Direct,151.20,2,Northeast
O01085,C0228,2025-09-09,Referral,192.06,2,Midwest
O01086,C0258,2025-09-09,Email,361.92,3,Northeast
O01087,C0288,2025-09-09,Organic Social,68.40,1,Midwest
O01088,C0305,2025-09-09,Organic Social,221.16,3,West
O01089,C0257,2025-09-10,Organic Search,288.60,3,West
O01090,C0274,2025-09-10,Organic Search,166.50,2,Northeast
O01091,C0291,2025-09-10,Organic Search,89.72,1,South
O01092,C0001,2025-09-10,Paid Search,336.96,3,West
O01093,C0018,2025-09-10,Paid Search,194.40,2,Northeast
O01094,C0035,2025-09-10,Paid Search,104.76,1,South
O01095,C0065,2025-09-10,Direct,262.08,3,West
O01096,C0082,2025-09-10,Direct,151.20,2,Northeast
O01097,C0112,2025-09-10,Referral,192.06,2,Midwest
O01098,C0142,2025-09-10,Email,361.92,3,Northeast
O01099,C0172,2025-09-10,Organic Social,68.40,1,Midwest
O01100,C0189,2025-09-10,Organic Social,221.16,3,West
O01101,C0141,2025-09-11,Organic Search,288.60,3,West
O01102,C0158,2025-09-11,Organic Search,166.50,2,Northeast
O01103,C0175,2025-09-11,Organic Search,89.72,1,South
O01104,C0205,2025-09-11,Paid Search,336.96,3,West
O01105,C0222,2025-09-11,Paid Search,194.40,2,Northeast
O01106,C0239,2025-09-11,Paid Search,104.76,1,South
O01107,C0269,2025-09-11,Direct,262.08,3,West
O01108,C0286,2025-09-11,Direct,151.20,2,Northeast
O01109,C0316,2025-09-11,Referral,192.06,2,Midwest
O01110,C0026,2025-09-11,Email,361.92,3,Northeast
O01111,C0056,2025-09-11,Organic Social,68.40,1,Midwest
O01112,C0073,2025-09-11,Organic Social,221.16,3,West
O01113,C0025,2025-09-12,Organic Search,288.60,3,West
O01114,C0042,2025-09-12,Organic Search,166.50,2,Northeast
O01115,C0059,2025-09-12,Organic Search,89.72,1,South
O01116,C0089,2025-09-12,Paid Search,336.96,3,West
O01117,C0106,2025-09-12,Paid Search,194.40,2,Northeast
O01118,C0123,2025-09-12,Paid Search,104.76,1,South
O01119,C0153,2025-09-12,Direct,262.08,3,West
O01120,C0170,2025-09-12,Direct,151.20,2,Northeast
O01121,C0200,2025-09-12,Referral,192.06,2,Midwest
O01122,C0230,2025-09-12,Email,361.92,3,Northeast
O01123,C0260,2025-09-12,Organic Social,68.40,1,Midwest
O01124,C0277,2025-09-12,Organic Social,221.16,3,West
O01125,C0229,2025-09-13,Organic Search,288.60,3,West
O01126,C0246,2025-09-13,Organic Search,166.50,2,Northeast
O01127,C0263,2025-09-13,Organic Search,89.72,1,South
O01128,C0293,2025-09-13,Paid Search,336.96,3,West
O01129,C0310,2025-09-13,Paid Search,194.40,2,Northeast
O01130,C0007,2025-09-13,Paid Search,104.76,1,South
O01131,C0037,2025-09-13,Direct,262.08,3,West
O01132,C0054,2025-09-13,Direct,151.20,2,Northeast
O01133,C0084,2025-09-13,Referral,192.06,2,Midwest
O01134,C0114,2025-09-13,Email,361.92,3,Northeast
O01135,C0144,2025-09-13,Organic Social,68.40,1,Midwest
O01136,C0161,2025-09-13,Organic Social,221.16,3,West
O01137,C0113,2025-09-14,Organic Search,288.60,3,West
O01138,C0130,2025-09-14,Organic Search,166.50,2,Northeast
O01139,C0147,2025-09-14,Organic Search,89.72,1,South
O01140,C0177,2025-09-14,Paid Search,336.96,3,West
O01141,C0194,2025-09-14,Paid Search,194.40,2,Northeast
O01142,C0211,2025-09-14,Paid Search,104.76,1,South
O01143,C0241,2025-09-14,Direct,262.08,3,West
O01144,C0258,2025-09-14,Direct,151.20,2,Northeast
O01145,C0288,2025-09-14,Referral,192.06,2,Midwest
O01146,C0318,2025-09-14,Email,361.92,3,Northeast
O01147,C0028,2025-09-14,Organic Social,68.40,1,Midwest
O01148,C0045,2025-09-14,Organic Social,221.16,3,West
O01149,C0317,2025-09-15,Organic Search,288.60,3,West
O01150,C0014,2025-09-15,Organic Search,166.50,2,Northeast
O01151,C0031,2025-09-15,Organic Search,89.72,1,South
O01152,C0061,2025-09-15,Paid Search,336.96,3,West
O01153,C0078,2025-09-15,Paid Search,194.40,2,Northeast
O01154,C0095,2025-09-15,Paid Search,104.76,1,South
O01155,C0125,2025-09-15,Direct,262.08,3,West
O01156,C0142,2025-09-15,Direct,151.20,2,Northeast
O01157,C0172,2025-09-15,Referral,192.06,2,Midwest
O01158,C0202,2025-09-15,Email,361.92,3,Northeast
O01159,C0232,2025-09-15,Organic Social,68.40,1,Midwest
O01160,C0249,2025-09-15,Organic Social,221.16,3,West
O01161,C0201,2025-09-16,Organic Search,288.60,3,West
O01162,C0218,2025-09-16,Organic Search,166.50,2,Northeast
O01163,C0235,2025-09-16,Organic Search,89.72,1,South
O01164,C0265,2025-09-16,Paid Search,336.96,3,West
O01165,C0282,2025-09-16,Paid Search,194.40,2,Northeast
O01166,C0299,2025-09-16,Paid Search,104.76,1,South
O01167,C0009,2025-09-16,Direct,262.08,3,West
O01168,C0026,2025-09-16,Direct,151.20,2,Northeast
O01169,C0056,2025-09-16,Referral,192.06,2,Midwest
O01170,C0086,2025-09-16,Email,361.92,3,Northeast
O01171,C0116,2025-09-16,Organic Social,68.40,1,Midwest
O01172,C0133,2025-09-16,Organic Social,221.16,3,West
O01173,C0085,2025-09-17,Organic Search,288.60,3,West
O01174,C0102,2025-09-17,Organic Search,166.50,2,Northeast
O01175,C0119,2025-09-17,Organic Search,89.72,1,South
O01176,C0149,2025-09-17,Paid Search,336.96,3,West
O01177,C0166,2025-09-17,Paid Search,194.40,2,Northeast
O01178,C0183,2025-09-17,Paid Search,104.76,1,South
O01179,C0213,2025-09-17,Direct,262.08,3,West
O01180,C0230,2025-09-17,Direct,151.20,2,Northeast
O01181,C0260,2025-09-17,Referral,192.06,2,Midwest
O01182,C0290,2025-09-17,Email,361.92,3,Northeast
O01183,C0320,2025-09-17,Organic Social,68.40,1,Midwest
O01184,C0017,2025-09-17,Organic Social,221.16,3,West
O01185,C0289,2025-09-18,Organic Search,288.60,3,West
O01186,C0306,2025-09-18,Organic Search,166.50,2,Northeast
O01187,C0003,2025-09-18,Organic Search,89.72,1,South
O01188,C0033,2025-09-18,Paid Search,336.96,3,West
O01189,C0050,2025-09-18,Paid Search,194.40,2,Northeast
O01190,C0067,2025-09-18,Paid Search,104.76,1,South
O01191,C0097,2025-09-18,Direct,262.08,3,West
O01192,C0114,2025-09-18,Direct,151.20,2,Northeast
O01193,C0144,2025-09-18,Referral,192.06,2,Midwest
O01194,C0174,2025-09-18,Email,361.92,3,Northeast
O01195,C0204,2025-09-18,Organic Social,68.40,1,Midwest
O01196,C0221,2025-09-18,Organic Social,221.16,3,West
O01197,C0173,2025-09-19,Organic Search,288.60,3,West
O01198,C0190,2025-09-19,Organic Search,166.50,2,Northeast
O01199,C0207,2025-09-19,Organic Search,89.72,1,South
O01200,C0237,2025-09-19,Paid Search,336.96,3,West
O01201,C0254,2025-09-19,Paid Search,194.40,2,Northeast
O01202,C0271,2025-09-19,Paid Search,104.76,1,South
O01203,C0301,2025-09-19,Direct,262.08,3,West
O01204,C0318,2025-09-19,Direct,151.20,2,Northeast
O01205,C0028,2025-09-19,Referral,192.06,2,Midwest
O01206,C0058,2025-09-19,Email,361.92,3,Northeast
O01207,C0088,2025-09-19,Organic Social,68.40,1,Midwest
O01208,C0105,2025-09-19,Organic Social,221.16,3,West
O01209,C0057,2025-09-20,Organic Search,288.60,3,West
O01210,C0074,2025-09-20,Organic Search,166.50,2,Northeast
O01211,C0091,2025-09-20,Organic Search,89.72,1,South
O01212,C0121,2025-09-20,Paid Search,336.96,3,West
O01213,C0138,2025-09-20,Paid Search,194.40,2,Northeast
O01214,C0155,2025-09-20,Paid Search,104.76,1,South
O01215,C0185,2025-09-20,Direct,262.08,3,West
O01216,C0202,2025-09-20,Direct,151.20,2,Northeast
O01217,C0232,2025-09-20,Referral,192.06,2,Midwest
O01218,C0262,2025-09-20,Email,361.92,3,Northeast
O01219,C0292,2025-09-20,Organic Social,68.40,1,Midwest
O01220,C0309,2025-09-20,Organic Social,221.16,3,West
O01221,C0261,2025-09-21,Organic Search,288.60,3,West
O01222,C0278,2025-09-21,Organic Search,166.50,2,Northeast
O01223,C0295,2025-09-21,Organic Search,89.72,1,South
O01224,C0005,2025-09-21,Paid Search,336.96,3,West
O01225,C0022,2025-09-21,Paid Search,194.40,2,Northeast
O01226,C0039,2025-09-21,Paid Search,104.76,1,South
O01227,C0069,2025-09-21,Direct,262.08,3,West
O01228,C0086,2025-09-21,Direct,151.20,2,Northeast
O01229,C0116,2025-09-21,Referral,192.06,2,Midwest
O01230,C0146,2025-09-21,Email,361.92,3,Northeast
O01231,C0176,2025-09-21,Organic Social,68.40,1,Midwest
O01232,C0193,2025-09-21,Organic Social,221.16,3,West
O01233,C0145,2025-09-22,Organic Search,288.60,3,West
O01234,C0162,2025-09-22,Organic Search,166.50,2,Northeast
O01235,C0179,2025-09-22,Organic Search,89.72,1,South
O01236,C0209,2025-09-22,Paid Search,336.96,3,West
O01237,C0226,2025-09-22,Paid Search,194.40,2,Northeast
O01238,C0243,2025-09-22,Paid Search,104.76,1,South
O01239,C0273,2025-09-22,Direct,262.08,3,West
O01240,C0290,2025-09-22,Direct,151.20,2,Northeast
O01241,C0320,2025-09-22,Referral,192.06,2,Midwest
O01242,C0030,2025-09-22,Email,361.92,3,Northeast
O01243,C0060,2025-09-22,Organic Social,68.40,1,Midwest
O01244,C0077,2025-09-22,Organic Social,221.16,3,West
O01245,C0029,2025-09-23,Organic Search,288.60,3,West
O01246,C0046,2025-09-23,Organic Search,166.50,2,Northeast
O01247,C0063,2025-09-23,Organic Search,89.72,1,South
O01248,C0093,2025-09-23,Paid Search,336.96,3,West
O01249,C0110,2025-09-23,Paid Search,194.40,2,Northeast
O01250,C0127,2025-09-23,Paid Search,104.76,1,South
O01251,C0157,2025-09-23,Direct,262.08,3,West
O01252,C0174,2025-09-23,Direct,151.20,2,Northeast
O01253,C0204,2025-09-23,Referral,192.06,2,Midwest
O01254,C0234,2025-09-23,Email,361.92,3,Northeast
O01255,C0264,2025-09-23,Organic Social,68.40,1,Midwest
O01256,C0281,2025-09-23,Organic Social,221.16,3,West
O01257,C0233,2025-09-24,Organic Search,288.60,3,West
O01258,C0250,2025-09-24,Organic Search,166.50,2,Northeast
O01259,C0267,2025-09-24,Organic Search,89.72,1,South
O01260,C0297,2025-09-24,Paid Search,336.96,3,West
O01261,C0314,2025-09-24,Paid Search,194.40,2,Northeast
O01262,C0011,2025-09-24,Paid Search,104.76,1,South
O01263,C0041,2025-09-24,Direct,262.08,3,West
O01264,C0058,2025-09-24,Direct,151.20,2,Northeast
O01265,C0088,2025-09-24,Referral,192.06,2,Midwest
O01266,C0118,2025-09-24,Email,361.92,3,Northeast
O01267,C0148,2025-09-24,Organic Social,68.40,1,Midwest
O01268,C0165,2025-09-24,Organic Social,221.16,3,West
O01269,C0117,2025-09-25,Organic Search,288.60,3,West
O01270,C0134,2025-09-25,Organic Search,166.50,2,Northeast
O01271,C0151,2025-09-25,Organic Search,89.72,1,South
O01272,C0181,2025-09-25,Paid Search,336.96,3,West
O01273,C0198,2025-09-25,Paid Search,194.40,2,Northeast
O01274,C0215,2025-09-25,Paid Search,104.76,1,South
O01275,C0245,2025-09-25,Direct,262.08,3,West
O01276,C0262,2025-09-25,Direct,151.20,2,Northeast
O01277,C0292,2025-09-25,Referral,192.06,2,Midwest
O01278,C0002,2025-09-25,Email,361.92,3,Northeast
O01279,C0032,2025-09-25,Organic Social,68.40,1,Midwest
O01280,C0049,2025-09-25,Organic Social,221.16,3,West
O01281,C0001,2025-09-26,Organic Search,288.60,3,West
O01282,C0018,2025-09-26,Organic Search,166.50,2,Northeast
O01283,C0035,2025-09-26,Organic Search,89.72,1,South
O01284,C0065,2025-09-26,Paid Search,336.96,3,West
O01285,C0082,2025-09-26,Paid Search,194.40,2,Northeast
O01286,C0099,2025-09-26,Paid Search,104.76,1,South
O01287,C0129,2025-09-26,Direct,262.08,3,West
O01288,C0146,2025-09-26,Direct,151.20,2,Northeast
O01289,C0176,2025-09-26,Referral,192.06,2,Midwest
O01290,C0206,2025-09-26,Email,361.92,3,Northeast
O01291,C0236,2025-09-26,Organic Social,68.40,1,Midwest
O01292,C0253,2025-09-26,Organic Social,221.16,3,West
O01293,C0205,2025-09-27,Organic Search,288.60,3,West
O01294,C0222,2025-09-27,Organic Search,166.50,2,Northeast
O01295,C0239,2025-09-27,Organic Search,89.72,1,South
O01296,C0269,2025-09-27,Paid Search,336.96,3,West
O01297,C0286,2025-09-27,Paid Search,194.40,2,Northeast
O01298,C0303,2025-09-27,Paid Search,104.76,1,South
O01299,C0013,2025-09-27,Direct,262.08,3,West
O01300,C0030,2025-09-27,Direct,151.20,2,Northeast
O01301,C0060,2025-09-27,Referral,192.06,2,Midwest
O01302,C0090,2025-09-27,Email,361.92,3,Northeast
O01303,C0120,2025-09-27,Organic Social,68.40,1,Midwest
O01304,C0137,2025-09-27,Organic Social,221.16,3,West
O01305,C0089,2025-09-28,Organic Search,288.60,3,West
O01306,C0106,2025-09-28,Organic Search,166.50,2,Northeast
O01307,C0123,2025-09-28,Organic Search,89.72,1,South
O01308,C0153,2025-09-28,Paid Search,336.96,3,West
O01309,C0170,2025-09-28,Paid Search,194.40,2,Northeast
O01310,C0187,2025-09-28,Paid Search,104.76,1,South
O01311,C0217,2025-09-28,Direct,262.08,3,West
O01312,C0234,2025-09-28,Direct,151.20,2,Northeast
O01313,C0264,2025-09-28,Referral,192.06,2,Midwest
O01314,C0294,2025-09-28,Email,361.92,3,Northeast
O01315,C0004,2025-09-28,Organic Social,68.40,1,Midwest
O01316,C0021,2025-09-28,Organic Social,221.16,3,West
O01317,C0293,2025-09-29,Organic Search,288.60,3,West
O01318,C0310,2025-09-29,Organic Search,166.50,2,Northeast
O01319,C0007,2025-09-29,Organic Search,89.72,1,South
O01320,C0037,2025-09-29,Paid Search,336.96,3,West
O01321,C0054,2025-09-29,Paid Search,194.40,2,Northeast
O01322,C0071,2025-09-29,Paid Search,104.76,1,South
O01323,C0101,2025-09-29,Direct,262.08,3,West
O01324,C0118,2025-09-29,Direct,151.20,2,Northeast
O01325,C0148,2025-09-29,Referral,192.06,2,Midwest
O01326,C0178,2025-09-29,Email,361.92,3,Northeast
O01327,C0208,2025-09-29,Organic Social,68.40,1,Midwest
O01328,C0225,2025-09-29,Organic Social,221.16,3,West
O01329,C0177,2025-09-30,Organic Search,288.60,3,West
O01330,C0194,2025-09-30,Organic Search,166.50,2,Northeast
O01331,C0211,2025-09-30,Organic Search,89.72,1,South
O01332,C0241,2025-09-30,Paid Search,336.96,3,West
O01333,C0258,2025-09-30,Paid Search,194.40,2,Northeast
O01334,C0275,2025-09-30,Paid Search,104.76,1,South
O01335,C0305,2025-09-30,Direct,262.08,3,West
O01336,C0002,2025-09-30,Direct,151.20,2,Northeast
O01337,C0032,2025-09-30,Referral,192.06,2,Midwest
O01338,C0062,2025-09-30,Email,361.92,3,Northeast
O01339,C0092,2025-09-30,Organic Social,68.40,1,Midwest
O01340,C0109,2025-09-30,Organic Social,221.16,3,West
